<?xml version='1.0' encoding='UTF-8' ?>
<!-- was: <?xml version="1.0" encoding="UTF-8"?> -->
<beans
    xmlns="http://www.springframework.org/schema/beans"
    xmlns:context="http://www.springframework.org/schema/context"
    xmlns:xsi="http://www.w3.org/2001/XMLSchema-instance"
    xmlns:p="http://www.springframework.org/schema/p"
    xmlns:tx="http://www.springframework.org/schema/tx"
    xmlns:util="http://www.springframework.org/schema/util"
    xsi:schemaLocation="
            http://www.springframework.org/schema/beans
            http://www.springframework.org/schema/beans/spring-beans-4.3.xsd
            http://www.springframework.org/schema/context
            http://www.springframework.org/schema/context/spring-context-4.3.xsd
            http://www.springframework.org/schema/tx
            http://www.springframework.org/schema/tx/spring-tx-4.3.xsd
            http://www.springframework.org/schema/util 
            http://www.springframework.org/schema/util/spring-util-4.3.xsd">
    
    <context:component-scan base-package="com.ft.service" />
     <context:component-scan base-package="com.ft.dao" />
    <context:annotation-config />
    
    <bean id="encryptorConfig" class="org.jasypt.encryption.pbe.config.EnvironmentStringPBEConfig">
        <property name="algorithm" value="PBEWithMD5AndDES" />
        <property name="passwordEnvName" value="PASSWORD_ENV_VARIABLE" />
    </bean>
 
     <bean id="encryptor" class="org.jasypt.encryption.pbe.StandardPBEStringEncryptor">
        <property name="config" ref="encryptorConfig" />
        <property name="password" value="ALTIUS"/>
    </bean>
    

    <bean id="dataSource" class="org.springframework.jdbc.datasource.DriverManagerDataSource">
        <property name="driverClassName" value="com.mysql.jdbc.Driver" />
        <property name="url" value="jdbc:mysql://localhost:3306/fusion_tech" />
        <property name="username" value="gaurav" />
        <property name="password" value="admin" />
    </bean>

    <!-- ADD PERSISTENCE SUPPORT HERE (jpa, hibernate, etc) -->

</beans>
